{
  "ticker": "GLD",
  "train_end": "2024-12-31",
  "q70": 0.010286593065670202,
  "metrics": {
    "baseline": {
      "roc_auc": 0.48810727039956875,
      "f1": 0.37755102040816324,
      "balanced_acc": 0.48810727039956875,
      "confusion": [
        [
          91,
          62
        ],
        [
          60,
          37
        ]
      ]
    },
    "logreg": {
      "roc_auc": 0.9885452462772051,
      "f1": 0.9417989417989417,
      "balanced_acc": 0.9489589650293107,
      "confusion": [
        [
          150,
          3
        ],
        [
          8,
          89
        ]
      ]
    },
    "rf": {
      "roc_auc": 0.9882083417559464,
      "f1": 0.9484536082474226,
      "balanced_acc": 0.9578869348426655,
      "confusion": [
        [
          148,
          5
        ],
        [
          5,
          92
        ]
      ]
    },
    "motor": {
      "roc_auc": 0.7109022303079306,
      "f1": 0.0,
      "balanced_acc": 0.5,
      "confusion": [
        [
          153,
          0
        ],
        [
          97,
          0
        ]
      ]
    }
  },
  "transition": {
    "precision_at_5": 0.0,
    "precision_at_10": 0.0,
    "lead_lag_days": []
  }
}