{
  "ticker": "QQQ",
  "train_end": "2024-12-31",
  "q70": 0.012922594910602617,
  "metrics": {
    "baseline": {
      "roc_auc": 0.5616541353383459,
      "f1": 0.39285714285714285,
      "balanced_acc": 0.5616541353383459,
      "confusion": [
        [
          132,
          58
        ],
        [
          44,
          33
        ]
      ]
    },
    "logreg": {
      "roc_auc": 0.9866712235133288,
      "f1": 0.9161290322580645,
      "balanced_acc": 0.942617908407382,
      "confusion": [
        [
          183,
          7
        ],
        [
          6,
          71
        ]
      ]
    },
    "rf": {
      "roc_auc": 0.9822966507177033,
      "f1": 0.9290322580645162,
      "balanced_acc": 0.951742993848257,
      "confusion": [
        [
          184,
          6
        ],
        [
          5,
          72
        ]
      ]
    },
    "motor": {
      "roc_auc": 0.6135338345864662,
      "f1": 0.0,
      "balanced_acc": 0.5,
      "confusion": [
        [
          190,
          0
        ],
        [
          77,
          0
        ]
      ]
    }
  },
  "transition": {
    "precision_at_5": 0.0,
    "precision_at_10": 0.0,
    "lead_lag_days": []
  }
}