{
  "ticker": "TLT",
  "train_end": "2024-12-31",
  "q70": 0.010180774226210984,
  "metrics": {
    "baseline": {
      "roc_auc": 0.44072356215213354,
      "f1": 0.10294117647058823,
      "balanced_acc": 0.4407235621521336,
      "confusion": [
        [
          138,
          107
        ],
        [
          15,
          7
        ]
      ]
    },
    "logreg": {
      "roc_auc": 0.9996289424860852,
      "f1": 0.9523809523809523,
      "balanced_acc": 0.9545454545454546,
      "confusion": [
        [
          245,
          0
        ],
        [
          2,
          20
        ]
      ]
    },
    "rf": {
      "roc_auc": 0.9996289424860854,
      "f1": 0.9545454545454546,
      "balanced_acc": 0.9752319109461967,
      "confusion": [
        [
          244,
          1
        ],
        [
          1,
          21
        ]
      ]
    },
    "motor": {
      "roc_auc": 0.48367346938775513,
      "f1": 0.0,
      "balanced_acc": 0.48367346938775513,
      "confusion": [
        [
          237,
          8
        ],
        [
          22,
          0
        ]
      ]
    }
  },
  "transition": {
    "precision_at_5": 0.0,
    "precision_at_10": 0.0,
    "lead_lag_days": []
  }
}