{
  "ticker": "XLE",
  "train_end": "2024-12-31",
  "q70": 0.01705711110800581,
  "metrics": {
    "baseline": {
      "roc_auc": 0.4961157024793388,
      "f1": 0.14634146341463414,
      "balanced_acc": 0.49611570247933884,
      "confusion": [
        [
          153,
          89
        ],
        [
          16,
          9
        ]
      ]
    },
    "logreg": {
      "roc_auc": 0.9638016528925619,
      "f1": 0.96,
      "balanced_acc": 0.9779338842975207,
      "confusion": [
        [
          241,
          1
        ],
        [
          1,
          24
        ]
      ]
    },
    "rf": {
      "roc_auc": 0.9654545454545456,
      "f1": 0.96,
      "balanced_acc": 0.9779338842975207,
      "confusion": [
        [
          241,
          1
        ],
        [
          1,
          24
        ]
      ]
    },
    "motor": {
      "roc_auc": 0.8382644628099174,
      "f1": 0.27848101265822783,
      "balanced_acc": 0.6311570247933884,
      "confusion": [
        [
          199,
          43
        ],
        [
          14,
          11
        ]
      ]
    }
  },
  "transition": {
    "precision_at_5": 0.0,
    "precision_at_10": 0.0,
    "lead_lag_days": []
  }
}