{
  "ticker": "IWM",
  "train_end": "2024-12-31",
  "q70": 0.013674372667161228,
  "metrics": {
    "baseline": {
      "roc_auc": 0.4794489947877886,
      "f1": 0.3473684210526316,
      "balanced_acc": 0.4794489947877885,
      "confusion": [
        [
          92,
          78
        ],
        [
          46,
          33
        ]
      ]
    },
    "logreg": {
      "roc_auc": 0.9582278481012658,
      "f1": 0.8496732026143791,
      "balanced_acc": 0.8849218168279971,
      "confusion": [
        [
          161,
          9
        ],
        [
          14,
          65
        ]
      ]
    },
    "rf": {
      "roc_auc": 0.9376768428890544,
      "f1": 0.8641975308641975,
      "balanced_acc": 0.9048026805658973,
      "confusion": [
        [
          157,
          13
        ],
        [
          9,
          70
        ]
      ]
    },
    "motor": {
      "roc_auc": 0.7026433358153388,
      "f1": 0.4057971014492754,
      "balanced_acc": 0.5860387192851824,
      "confusion": [
        [
          139,
          31
        ],
        [
          51,
          28
        ]
      ]
    }
  },
  "transition": {
    "precision_at_5": 0.0,
    "precision_at_10": 0.0,
    "lead_lag_days": []
  }
}