{
  "ticker": "USO",
  "train_end": "2024-12-31",
  "q70": 0.022165923089882633,
  "metrics": {
    "baseline": {
      "roc_auc": 0.4472260476096793,
      "f1": 0.20238095238095238,
      "balanced_acc": 0.4472260476096793,
      "confusion": [
        [
          116,
          105
        ],
        [
          29,
          17
        ]
      ]
    },
    "logreg": {
      "roc_auc": 0.9983277591973244,
      "f1": 0.9565217391304348,
      "balanced_acc": 0.9737359826873894,
      "confusion": [
        [
          219,
          2
        ],
        [
          2,
          44
        ]
      ]
    },
    "rf": {
      "roc_auc": 0.997344088136927,
      "f1": 0.9565217391304348,
      "balanced_acc": 0.9737359826873894,
      "confusion": [
        [
          219,
          2
        ],
        [
          2,
          44
        ]
      ]
    },
    "motor": {
      "roc_auc": 0.5902518197914617,
      "f1": 0.328125,
      "balanced_acc": 0.5902518197914617,
      "confusion": [
        [
          160,
          61
        ],
        [
          25,
          21
        ]
      ]
    }
  },
  "transition": {
    "precision_at_5": 0.0,
    "precision_at_10": 0.0,
    "lead_lag_days": []
  }
}