{
  "ticker": "BTC-USD",
  "train_end": "2024-12-31",
  "q70": 0.03681135859308114,
  "metrics": {
    "baseline": {
      "roc_auc": 0.4599635278514589,
      "f1": 0.05917159763313609,
      "balanced_acc": 0.4599635278514589,
      "confusion": [
        [
          229,
          148
        ],
        [
          11,
          5
        ]
      ]
    },
    "logreg": {
      "roc_auc": 0.9975132625994695,
      "f1": 0.8484848484848485,
      "balanced_acc": 0.9335212201591512,
      "confusion": [
        [
          374,
          3
        ],
        [
          2,
          14
        ]
      ]
    },
    "rf": {
      "roc_auc": 0.9986737400530503,
      "f1": 0.9090909090909091,
      "balanced_acc": 0.9660974801061009,
      "confusion": [
        [
          375,
          2
        ],
        [
          1,
          15
        ]
      ]
    },
    "motor": {
      "roc_auc": 0.4946949602122016,
      "f1": 0.0,
      "balanced_acc": 0.4946949602122016,
      "confusion": [
        [
          373,
          4
        ],
        [
          16,
          0
        ]
      ]
    }
  },
  "transition": {
    "precision_at_5": 0.0,
    "precision_at_10": 0.0,
    "lead_lag_days": []
  }
}