{
  "ticker": "^VIX",
  "train_end": "2024-12-31",
  "q70": 0.08014687056765393,
  "metrics": {
    "baseline": {
      "roc_auc": 0.4426554458200028,
      "f1": 0.29508196721311475,
      "balanced_acc": 0.4426554458200028,
      "confusion": [
        [
          93,
          65
        ],
        [
          64,
          27
        ]
      ]
    },
    "logreg": {
      "roc_auc": 0.9770482681875087,
      "f1": 0.8602150537634409,
      "balanced_acc": 0.8920920851300598,
      "confusion": [
        [
          143,
          15
        ],
        [
          11,
          80
        ]
      ]
    },
    "rf": {
      "roc_auc": 0.9733620809570177,
      "f1": 0.9032258064516129,
      "balanced_acc": 0.926728334956183,
      "confusion": [
        [
          147,
          11
        ],
        [
          7,
          84
        ]
      ]
    },
    "motor": {
      "roc_auc": 0.5136319376825705,
      "f1": 0.43523316062176165,
      "balanced_acc": 0.5408958130477117,
      "confusion": [
        [
          98,
          60
        ],
        [
          49,
          42
        ]
      ]
    }
  },
  "transition": {
    "precision_at_5": 0.0,
    "precision_at_10": 0.0,
    "lead_lag_days": []
  }
}