{
  "ticker": "SPY",
  "train_end": "2024-12-31",
  "q70": 0.010588639071531448,
  "metrics": {
    "baseline": {
      "roc_auc": 0.5864322533136966,
      "f1": 0.3776223776223776,
      "balanced_acc": 0.5864322533136966,
      "confusion": [
        [
          134,
          60
        ],
        [
          29,
          27
        ]
      ]
    },
    "logreg": {
      "roc_auc": 0.9956737849779087,
      "f1": 0.9380530973451328,
      "balanced_acc": 0.9629050073637702,
      "confusion": [
        [
          190,
          4
        ],
        [
          3,
          53
        ]
      ]
    },
    "rf": {
      "roc_auc": 0.9906572164948454,
      "f1": 0.9464285714285714,
      "balanced_acc": 0.9654823269513991,
      "confusion": [
        [
          191,
          3
        ],
        [
          3,
          53
        ]
      ]
    },
    "motor": {
      "roc_auc": 0.8494108983799706,
      "f1": 0.3829787234042553,
      "balanced_acc": 0.6091678939617085,
      "confusion": [
        [
          174,
          20
        ],
        [
          38,
          18
        ]
      ]
    }
  },
  "transition": {
    "precision_at_5": 0.0,
    "precision_at_10": 0.0,
    "lead_lag_days": []
  }
}