{
  "version": "model_c_gnn_v1",
  "trained_at_utc": "2026-02-22T02:10:46.207332+00:00",
  "source_panel": "C:\\Users\\Pedro Henrique\\Desktop\\A-firma\\results\\validation\\risk_truth_panel.json",
  "checkpoint": {
    "feature_names": [
      "mean_confidence",
      "mean_quality",
      "pct_transition",
      "hazard_score",
      "hybrid_ews_score",
      "hybrid_var95_hist",
      "hybrid_ewma_sigma",
      "regime_age_days",
      "changepoint_flag",
      "pseudo_bifurcation_flag"
    ],
    "normalization": {
      "mean": [
        0.7083251425082898,
        0.8736947024852891,
        0.3169574443618296,
        0.891345092013242,
        0.3725365441671103,
        -0.021753940766553098,
        0.013007377210154063,
        4.0476190476190474,
        0.42857142857142855,
        0.0
      ],
      "std": [
        0.0778929948618551,
        0.0839822888477413,
        0.04490417583983419,
        0.09688046253204434,
        0.12972995798998077,
        0.026273313102827815,
        0.013627867380359858,
        2.2985749306946994,
        0.4948716593053935,
        1.0
      ]
    },
    "graph": {
      "k_neighbors": 4
    },
    "architecture": {
      "input_dim": 10,
      "hidden_dim": 16
    },
    "weights": {
      "W1": [
        [
          0.030424635571251385,
          -0.10365989802491328,
          0.07496068281889917,
          0.09391558493586877,
          -0.19523236634486635,
          -0.12934825217314183,
          0.012781999939829314,
          -0.03163400558016424,
          -0.0016622862474177738,
          -0.08507218831306428,
          0.08780540579009521,
          0.07771950973623709,
          0.0064136067165132225,
          0.11258670439344692,
          0.04665750063756936,
          -0.08588126143598303
        ],
        [
          0.03678195874426221,
          -0.09569154039582209,
          0.0877771509251802,
          -0.005073784918190956,
          -0.018664488720872327,
          -0.06760980778958817,
          0.12211170339545926,
          -0.015396161483994367,
          -0.042807993482316675,
          -0.03510498793408791,
          0.053127368244562746,
          0.03651984618972348,
          0.04115480114752532,
          0.043031349897841666,
          0.2138883970269332,
          -0.04062295095460823
        ],
        [
          -0.05112964690299933,
          -0.08140531955992454,
          0.06150003285351183,
          0.11283147537709265,
          -0.011143336397933778,
          -0.08439931475200578,
          -0.08235221176215023,
          0.06497382604719561,
          0.07424378667680645,
          0.05416962504095387,
          -0.0664371288480784,
          0.023168426752423525,
          0.011749253771764391,
          0.021841372047080327,
          0.08706561024073249,
          0.022365180024965677
        ],
        [
          0.06771176647247434,
          0.006757564566028038,
          0.028965197204875164,
          0.06284033695660182,
          -0.14568607591891813,
          -0.0317354924512538,
          -0.046993042560942964,
          -0.06365623094605866,
          -0.027564586255599585,
          0.14931665834276928,
          -0.08647690270790837,
          0.09670402684385074,
          -0.1680805418338661,
          -0.033422816660601706,
          0.016229876899820084,
          0.05853719572405636
        ],
        [
          0.07104628858287138,
          0.07895026593916028,
          -0.034863266210881816,
          -0.04617514600662037,
          0.08623099469741705,
          -0.020119659356164468,
          -0.12743804865510122,
          -0.11318321351113038,
          -0.09184515950882421,
          0.049379113576442986,
          0.014322872223563935,
          0.06887484164668789,
          -0.04241928903514056,
          0.01585292914321206,
          0.06251392089535902,
          -0.030773862751098557
        ],
        [
          0.045530030337686815,
          -0.06612502231450094,
          -0.036207407988402794,
          -0.038216325223273916,
          -0.11956954149022779,
          0.04885457250068747,
          -0.04686154192825146,
          0.001308955788057699,
          0.04790219427043393,
          0.044595500074976084,
          0.06652825627647768,
          -0.009853801410290262,
          -0.04241115949201147,
          -0.007960351585658679,
          -0.1685602197362245,
          -0.14454649231053474
        ],
        [
          -0.1320104123394008,
          -0.09961633300500279,
          0.03986339122696143,
          -0.09033634724749152,
          -0.03758323202522548,
          0.12944800695255526,
          -0.03560722831049798,
          0.07358679056370072,
          -0.09312668657857132,
          -0.020541980713786427,
          -0.09495047541739443,
          -0.03385523028345373,
          0.08408606904457896,
          -0.17252813210519402,
          0.0434218781546695,
          0.023767361147809394
        ],
        [
          -0.05921627870570037,
          -0.1442509227017028,
          0.007078483961134594,
          -0.0525900101880066,
          0.02312731093966413,
          0.002644105857112328,
          0.16001756558515834,
          -0.02418930668855536,
          -0.10207498472873801,
          0.01805031781624555,
          0.02186695998001495,
          0.13581674155081086,
          0.08326413348650058,
          0.03558866574865915,
          0.14617051644804824,
          -0.11876523377820547
        ],
        [
          -0.06379827208227175,
          -0.09257799476912934,
          -0.03901975270045827,
          -0.13737619544840232,
          0.06365950627434327,
          -0.02264753022100897,
          -0.1468994315553759,
          -0.1015447249696423,
          0.031354796375233036,
          0.08352001413526124,
          0.1995785448711169,
          0.2909446887194234,
          0.04151630991083695,
          -0.0988302152798394,
          -0.21293606569597548,
          0.0268195369441503
        ],
        [
          -0.08119661501051244,
          -0.041485912990727854,
          -0.06113627227007649,
          -0.014062203851284172,
          0.10647018204319103,
          0.015686022200592974,
          -0.01584445892155181,
          -0.10344117124536498,
          -0.16726745284530561,
          -0.04857246890012528,
          -0.005371805040082865,
          0.17658096679651392,
          0.013011828565112389,
          0.09815609297214607,
          -0.049869680257154554,
          -0.11835226852954461
        ]
      ],
      "b1": [
        -0.0003382429332099008,
        -0.0005710881717585115,
        0.0001230933564701363,
        -0.00020129065105237094,
        0.0006669784605380117,
        -0.0008203015542062699,
        -1.4266936627264507e-05,
        0.00019629573804561698,
        -0.00037360391348089576,
        -0.0003772829562467845,
        0.00017838451942063516,
        -0.00012619088158601037,
        9.53253715797755e-05,
        2.3072859878933003e-05,
        1.6983475817582936e-05,
        9.713842737496836e-05
      ],